case,ai_model,approach,headline,lead,file,similarity_score,top_terms_original,top_terms_generated,shared_terms,unique_original_terms,unique_generated_terms,original_text,generated_text
high,gpt,neutral,Цена Brent на ICE опустилась ниже $60 за баррель впервые с 9 апреля,К 12:13 мск фьючерс незначительно замедлил снижение и торговался на уровне $60,tass_combined_gpt_01_05_12_05.csv,0.5744020366805147,"на, 2025, brent, баррель, года, за, фьючерс, поставкой, 60, до","на, за, марки, баррель, brent, 60, рынке, нефть, до, цена","60, brent, баррель, до, за, на","2025, года, поставкой, фьючерс","марки, нефть, рынке, цена","МОСКВА, 1 мая. /ТАСС/. Стоимость фьючерса на нефть марки Brent с поставкой в июле 2025 года на лондонской бирже ICE опустилась ниже $60 за баррель впервые с 9 апреля 2025 года, свидетельствуют данные торгов.
По данным биржи на 11:52 мск, цена Brent снижалась на 1,82% - до $59,93 за баррель.
К 12:13 мск фьючерс на Brent незначительно замедлил снижение и торговался на уровне $60 (-1,7%), а фьючерс на нефть марки WTI с поставкой в июне 2025 года снижался на 1,64% - до $57,1 за баррель.","Цена марки Brent на лондонской бирже ICE (Intercontinental Exchange) упала ниже отметки в $60 за баррель впервые с 9 апреля текущего года. Об этом свидетельствуют данные торгов.

На 12:13 по московскому времени стоимость фьючерсов на нефть марки Brent с поставкой в август 2021 года опустилась до $60 за баррель. При этом, незадолго до этого времени, цена на нефть этой марки продолжала держаться на уровне $63 за баррель. 

Падение цен на нефть Brent наблюдается в условиях снижения спроса на топливо из-за ограничений, связанных с пандемией COVID-19, а также в связи с ожиданиями увеличения предложения на мировом рынке. 

Тем не менее, к 12:13 мск фьючерсный контракт на нефть марки Brent замедлил снижение и стабилизировался на отметке в $60 за баррель. 

Отметим, что последний раз цена марки Brent опускалась ниже $60 за баррель 9 апреля. После этого даты стоимость нефти этой марки на мировом рынке продолжала колебаться в диапазоне от $60 до $70 за баррель.

Стоит напомнить, что марка Brent является одной из трех ведущих марок нефти, которые используются в качестве референтных на международном нефтяном рынке. Остальные две - это марки WTI (West Texas Intermediate) и Dubai Crude."
low,gpt,neutral,"Во Владивостоке прошел детский парад «Правнуки Победы», на который пригласили детей из КНДР","В «первом в истории» детском параде приняли участие 1500 учащихся младших классов из школ Приморья и дети из КНДР, сообщил в своем телеграм-канале губернатор Приморского края Олег Кожемяко.",tvrain_combined_gpt_04_05_18_42.csv,0.04027445379877579,"как, на, разгроме, принимали, пехотинцев, ракетчиков, танкистов, виды, делегация, первоклассники","парада, парад, победы, из, приморского, поколения, губернатор, мероприятия, войны, уважения",,"виды, делегация, как, на, первоклассники, пехотинцев, принимали, разгроме, ракетчиков, танкистов","войны, губернатор, из, мероприятия, парад, парада, победы, поколения, приморского, уважения","Как отмечает издание vl.ru, первоклассники представляли разные виды войск, в том числе танкистов, ракетчиков, артиллеристов, моряков и пехотинцев.
В параде участвовала также делегация из КНДР. Как отметил на мероприятии Кожемяко, северокорейские военные «принимали активное участие в разгроме украинских боевиков на Курской земле».","Во Владивостоке состоялся детский парад «Правнуки Победы», в котором приняли участие около 1500 учащихся младших классов из школ Приморья и дети из КНДР. Об этом сообщил в своем телеграм-канале губернатор Приморского края Олег Кожемяко.

Согласно заявлению губернатора, это первый в истории детский парад такого масштаба. Участники мероприятия были приглашены из различных учебных заведений Приморского края, а также из Корейской Народно-Демократической Республики. 

Событие прошло в рамках празднования 76-ой годовщины Победы в Великой Отечественной войне и было приурочено к Дню Победы. Организаторы подчеркнули, что цель парада - воспитание у молодого поколения уважения и благодарности к подвигу наших дедов и прадедов, которые отстояли свободу и независимость нашей Родины.

Парад прошел в центре Владивостока и собрал большое количество зрителей. Мероприятие началось с торжественного марша участников парада, далее прошли выступления творческих коллективов, затем была проведена минута молчания в память о погибших в годы войны.

Губернатор Олег Кожемяко выразил огромную благодарность всем организаторам и участникам парада, отметив важность подобных мероприятий для воспитания патриотизма и уважения к истории страны у молодого поколения.

В заключение мероприятия участники парада вручали ветеранам войны цветы, выражая им свою благодарность и уважение за их службу и отвагу."
